ID,Location,Code,"Serial No",Equipment,Qty,UoM,Remarks
1,Surat,PB-OB-BR1,LO-SU-1,"Heavy Duty Boom Neoprene HDB-N 1500 (200 Meters) with Boom Reel HSR 1717 with Canvas Cover",100,kg,
72,Digilpur,DI-NSB-BR1,,"Heavy Duty Boom Neoprene HDB-N 1000 (200 Meters) with Boom Reel HSR 1712 with Canvas Cover",1,Set,
73,Digilpur,DI-NSB-BR2,,"Heavy Duty Boom Neoprene HDB-N 1000 (200 Meters) with Boom Reel HSR 1712 with Canvas Cover",1,Set,
74,Digilpur,DI-NSB-BR3,,"Heavy Duty Boom Neoprene HDB-N 1000 (200 Meters) with Boom Reel HSR 1712 with Canvas Cover",1,Set,
75,Digilpur,DI-NSB-BR4,,"Heavy Duty Boom Neoprene HDB-N 1000 (200 Meters) with Boom Reel HSR 1712 with Canvas Cover",1,Set,
76,Digilpur,DI-NSB-BR5,,"Heavy Duty Boom Neoprene HDB-N 1000 (200 Meters) with Boom Reel HSR 1712 with Canvas Cover",1,Set,
77,Digilpur,DI-NSB-HPP1,,"Hydraulic Power Pack LPP 7 with Chalwyn Valve, Spark Arrestor & Canvas Cover for HDB-N 1000",1,Pc,
78,Digilpur,DI-NSB-HPP2,,"Hydraulic Power Pack LPP 7 with Chalwyn Valve, Spark Arrestor & Canvas Cover for HDB-N 1000",1,Pc,
79,Digilpur,DI-NSB-HPP3,,"Hydraulic Power Pack LPP 7 with Chalwyn Valve, Spark Arrestor & Canvas Cover for HDB-N 1000",1,Pc,
80,Digilpur,DI-NSB-HPP4,,"Hydraulic Power Pack LPP 7 with Chalwyn Valve, Spark Arrestor & Canvas Cover for HDB-N 1000",1,Pc,
81,Digilpur,DI-NSB-HPP5,,"Hydraulic Power Pack LPP 7 with Chalwyn Valve, Spark Arrestor & Canvas Cover for HDB-N 1000",1,Pc,
82,Digilpur,DI-NSB-AB1,,"Air Blower DAB 200 CG Electric with Chalwyn Valve, Spark Arrestor & Canvas Cover for HDB-N 1000",1,Pc,
83,Digilpur,DI-NSB-AB2,,"Air Blower DAB 200 CG Electric with Chalwyn Valve, Spark Arrestor & Canvas Cover for HDB-N 1000",1,Pc,
84,Digilpur,DI-NSB-AB3,,"Air Blower DAB 200 CG Electric with Chalwyn Valve, Spark Arrestor & Canvas Cover for HDB-N 1000",1,Pc,
85,Digilpur,DI-NSB-AB4,,"Air Blower DAB 200 CG Electric with Chalwyn Valve, Spark Arrestor & Canvas Cover for HDB-N 1000",1,Pc,
86,Digilpur,DI-NSB-AB5,,"Air Blower DAB 200 CG Electric with Chalwyn Valve, Spark Arrestor & Canvas Cover for HDB-N 1000",1,Pc,
87,Digilpur,DI-NSB-HSS1,,"Hydraulic Hose Set for HDB-N 1000",1,Set,
88,Digilpur,DI-NSB-HSS2,,"Hydraulic Hose Set for HDB-N 1000",1,Set,
89,Digilpur,DI-NSB-HSS3,,"Hydraulic Hose Set for HDB-N 1000",1,Set,
90,Digilpur,DI-NSB-HSS4,,"Hydraulic Hose Set for HDB-N 1000",1,Set,
91,Digilpur,DI-NSB-HSS5,,"Hydraulic Hose Set for HDB-N 1000",1,Set,
92,Digilpur,DI-NSB-AHS1,,"Air Hose Set for HDB-N 1000",1,Set,
93,Digilpur,DI-NSB-AHS2,,"Air Hose Set for HDB-N 1000",1,Set,
94,Digilpur,DI-NSB-AHS3,,"Air Hose Set for HDB-N 1000",1,Set,
95,Digilpur,DI-NSB-AHS4,,"Air Hose Set for HDB-N 1000",1,Set,
96,Digilpur,DI-NSB-AHS5,,"Air Hose Set for HDB-N 1000",1,Set,
97,Digilpur,DI-NSB-TS1,,"Towing Set for HDB-N 1000",1,Set,
98,Digilpur,DI-NSB-TS2,,"Towing Set for HDB-N 1000",1,Set,
99,Digilpur,DI-NSB-TS3,,"Towing Set for HDB-N 1000",1,Set,
100,Digilpur,DI-NSB-TS4,,"Towing Set for HDB-N 1000",1,Set,
101,Digilpur,DI-NSB-TS5,,"Towing Set for HDB-N 1000",1,Set,
102,Digilpur,DI-NSB-AS,,"Anchoring Set (30 Kgs) for HDB-N 1000",35,Sets,
103,Digilpur,DI-NSB-JSS1,,"Jet Spray System for HDB-N 1000",1,Pc,
104,Digilpur,DI-NSB-JSS2,,"Jet Spray System for HDB-N 1000",1,Pc,
105,Digilpur,DI-NSB-JSS3,,"Jet Spray System for HDB-N 1000",1,Pc,
106,Digilpur,DI-NSB-JSS4,,"Jet Spray System for HDB-N 1000",1,Pc,
107,Digilpur,DI-NSB-JSS5,,"Jet Spray System for HDB-N 1000",1,Pc,
108,Digilpur,DI-NSB-LSL,,"Lifting Slings Set 12T (Container & Reel) for HDB-N 1000",5,Sets,
109,Digilpur,DI-NSB-LSS,,"Lifting Slings Set 2T (Power Pack) for HDB-N 1000",5,Sets,
110,Digilpur,DI-NSB-C1,,"15 Feet Container for HDB-N 1000",1,Pc,
111,Digilpur,DI-NSB-C2,,"15 Feet Container for HDB-N 1000",1,Pc,
112,Digilpur,DI-NSB-C3,,"15 Feet Container for HDB-N 1000",1,Pc,
113,Digilpur,DI-NSB-C4,,"15 Feet Container for HDB-N 1000",1,Pc,
114,Digilpur,DI-NSB-C5,,"15 Feet Container for HDB-N 1000",1,Pc,
115,Digilpur,DI-NSB-SPKB1,,"Fabric 1500 x 2000 mm for HDB-N 1000",5,Pcs,
116,Digilpur,DI-NSB-SPKB2,,"Hardener for HDB-N 1000",5,Kg,
117,Digilpur,DI-NSB-SPKB3,,"Rubber Adhesive for HDB-N 1000",5,Kg,
118,Digilpur,DI-NSB-SPKB4,,"Sand Paper 230 x 280 mm for HDB-N 1000",30,Pcs,
119,Digilpur,DI-NSB-SPKB5,,"F1 Valve T-Tool Key for HDB-N 1000",5,Pcs,
120,Digilpur,DI-NSB-SPKB6,,"Cutter Knife for HDB-N 1000",5,Pcs,
121,Digilpur,DI-NSB-SPKB7,,"Allenkey 6 mm for HDB-N 1000",5,Pcs,
122,Digilpur,DI-NSB-SPKB8,,"Spanner 17 mm for HDB-N 1000",5,Pcs,
123,Digilpur,DI-NSB-SPKB9,,"F1 Valve Opening Closing Tool for HDB-N 1000",5,Pcs,
124,Digilpur,DI-NSB-SPKB10,,"Connecting Link LL8 for HDB-N 1000",10,Pcs,
125,Digilpur,DI-NSB-SPKB11,,"F1 Valve for HDB-N 1000",5,Pcs,
126,Digilpur,DI-NSB-SPKB12,,"Quick Link KEPL 10 - SS316 for HDB-N 1000",5,Pcs,
127,Digilpur,DI-NSB-SPKB13,,"Stapler for Emergency Fixing of Boom for HDB-N 1000",5,Pcs,
128,Digilpur,DI-NSB-SPKBR1,,"1/2"" x 3/8""Adapter SS316 for Boom Reel HSR 1712",5,Pcs,
129,Digilpur,DI-NSB-SPKBR2,,"1/8"" x 1/4"" Adapter SS316 for Boom Reel HSR 1712",5,Pcs,
130,Digilpur,DI-NSB-SPKBR3,,"3/8"" x 3/8"" Adapter SS316 for Boom Reel HSR 1712",5,Pcs,
131,Digilpur,DI-NSB-SPKBR4,,"1/4"" x 3/8"" Adapter SS316 for Boom Reel HSR 1712",5,Pcs,
132,Digilpur,DI-NSB-SPKBR5,,"3/8"" Dowty Washers - 404529 for Boom Reel HSR 1712",25,Pcs,
133,Digilpur,DI-NSB-SPKBR6,,"1/4"" Dowty Washers - 404930 for Boom Reel HSR 1712",25,Pcs,
134,Digilpur,DI-NSB-SPKBR7,,"1/2"" Dowty Washers - 404530 for Boom Reel HSR 1712",25,Pcs,
135,Digilpur,DI-NSB-SPKHPP1,,"Kohler KD441 Engine Fuel Filter for Hydraulic Power Pack LPP 7 for HDB-N 1000",5,Pcs,
136,Digilpur,DI-NSB-SPKHPP2,,"Kohler KD441 Engine Air Filter for Hydraulic Power Pack LPP 7 for HDB-N 1000",5,Pcs,
137,Digilpur,DI-NSB-SPKHPP3,,"Kohler KD441 Engine Oil Filter for Hydraulic Power Pack LPP 7 for HDB-N 1000",5,Pcs,
138,Digilpur,DI-NSB-SPKHPP4,,"Hydraulic Oil Filter / Air Breather for Hydraulic Power Pack LPP 7 for HDB-N 1000",5,Pcs,
139,Digilpur,DI-NSB-SPKHPP5,,"3/8"" QRC Connector for Hydraulic Power Pack LPP 7 for HDB-N 1000",5,Pcs,
140,Digilpur,DI-NSB-SPKHPP6,,"3/8"" Dowty Washers - 404529 for Hydraulic Power Pack LPP 7 for HDB-N 1000",15,Pcs,
141,Digilpur,DI-NSB-SPKHPP7,,"1"" Dowty Washers - 404930 for Hydraulic Power Pack LPP 7 for HDB-N 1000",15,Pcs,
